"unknown","-0.00032375857699662447","0.0031826074700802565","0.000018326565623283386","1590392452037","0.0031990851485693647","0"
"unknown","0.0008979719714261591","0.00012828130275011063","0.000018326565623283386","1590392452067","0.0009072737277744753","0"
"unknown","0.0002871067263185978","-0.0010934490710496902","-0.0005925390869379044","1590392452087","0.0012763869761267615","0"
"unknown","0.0008979719714261591","-0.0004825838841497898","0.000018326565623283386","1590392452107","0.0010195963562683152","0"
"unknown","0.0002871067263185978","-0.0010934490710496902","-0.0005925390869379044","1590392452127","0.0012763869761267615","0"
"unknown","0.0008979719714261591","-0.0004825838841497898","-0.0005925390869379044","1590392452147","0.0011791282526753763","0"
"unknown","0.0008979719714261591","0.00012828130275011063","0.000018326565623283386","1590392452176","0.0009072737277744753","0"
"unknown","0.0008979719714261591","-0.0010934490710496902","-0.0005925390869379044","1590392452207","0.001533977542858962","0"
"unknown","0.0002871067263185978","0.00012828130275011063","-0.0005925390869379044","1590392452237","0.0006708121454489723","0"
"unknown","0.0008979719714261591","-0.0004825838841497898","-0.0012034038081765175","1590392452257","0.0015771561724324656","0"
"unknown","0.0008979719714261591","-0.0004825838841497898","-0.0005925390869379044","1590392452287","0.0011791282526753763","0"
"unknown","0.0002871067263185978","-0.0010934490710496902","-0.0005925390869379044","1590392452307","0.0012763869761267615","0"
"unknown","0.0002871067263185978","-0.0004825838841497898","-0.0005925390869379044","1590392452337","0.0008163455439259072","0"
"unknown","0.0002871067263185978","-0.00414777547121048","-0.0012034038081765175","1590392452357","0.004328354463003977","0"
"unknown","0.0002871067263185978","-0.0010934490710496902","-0.0012034038081765175","1590392452387","0.0016511335102924163","0"
"unknown","0.0008979719714261591","-0.0010934490710496902","-0.0005925390869379044","1590392452417","0.001533977542858962","0"
"unknown","-0.00032375857699662447","-0.0004825838841497898","0.000018326565623283386","1590392452447","0.000581414382714705","0"
"unknown","0.0008979719714261591","0.00012828130275011063","0.000018326565623283386","1590392452476","0.0009072737277744753","0"
"unknown","0.0008979719714261591","-0.0004825838841497898","-0.0005925390869379044","1590392452497","0.0011791282526753763","0"
"unknown","0.0008979719714261591","-0.0004825838841497898","-0.0005925390869379044","1590392452527","0.0011791282526753763","0"
"unknown","0.0008979719714261591","-0.0004825838841497898","-0.0005925390869379044","1590392452547","0.0011791282526753763","0"
"unknown","0.0008979719714261591","-0.0004825838841497898","-0.0005925390869379044","1590392452567","0.0011791282526753763","0"
"unknown","0.0002871067263185978","-0.0010934490710496902","-0.0005925390869379044","1590392452597","0.0012763869761267615","0"
"unknown","0.0008979719714261591","-0.0004825838841497898","-0.0005925390869379044","1590392452627","0.0011791282526753763","0"
"unknown","-0.0009346237638965249","0.002571742283180356","0.000018326565623283386","1590392452657","0.002736369093186327","0"
"unknown","0.0002871067263185978","-0.0004825838841497898","-0.0005925390869379044","1590392452686","0.0008163455439259072","0"
"unknown","0.0008979719714261591","0.00012828130275011063","-0.0012034038081765175","1590392452716","0.0015069805836957532","0"
"unknown","0.0002871067263185978","-0.0004825838841497898","0.000018326565623283386","1590392452747","0.0005618303485448472","0"
"unknown","0.0008979719714261591","-0.0004825838841497898","0.000018326565623283386","1590392452776","0.0010195963562683152","0"
"unknown","0.0002871067263185978","0.00012828130275011063","-0.0005925390869379044","1590392452796","0.0006708121454489723","0"
"unknown","0.0008979719714261591","0.0019608770962804556","0.000018326565623283386","1590392452817","0.0021567866169818002","0"
"unknown","0.0002871067263185978","0.00012828130275011063","-0.0005925390869379044","1590392452847","0.0006708121454489723","0"
"unknown","-0.00032375857699662447","0.0007391467224806547","-0.0005925390869379044","1590392452877","0.0010011293937758389","0"
"unknown","0.0008979719714261591","-0.0010934490710496902","-0.0005925390869379044","1590392452897","0.001533977542858962","0"
"unknown","-0.00032375857699662447","0.00012828130275011063","0.000018326565623283386","1590392452927","0.0003487285073258125","0"
"unknown","0.0008979719714261591","-0.0004825838841497898","-0.0005925390869379044","1590392452947","0.0011791282526753763","0"
"unknown","0.0002871067263185978","-0.0004825838841497898","0.000018326565623283386","1590392452977","0.0005618303485448472","0"
"unknown","0.0002871067263185978","-0.0004825838841497898","-0.0005925390869379044","1590392453007","0.0008163455439259072","0"
"unknown","0.0002871067263185978","-0.0004825838841497898","-0.0005925390869379044","1590392453027","0.0008163455439259072","0"
"unknown","0.00035430234856903553","-0.0000855207908898592","0.000024440698325634003","1590392453057","0.0003652961916179883","0"
"unknown","0.00035430234856903553","-0.0006963859777897596","0.000024440698325634003","1590392453077","0.0007817166571068948","0"
"unknown","0.00035430234856903553","-0.0000855207908898592","0.000024440698325634003","1590392453107","0.0003652961916179883","0"
"unknown","0.00035430234856903553","-0.0000855207908898592","0.000024440698325634003","1590392453137","0.0003652961916179883","0"
"unknown","-0.0008674281998537481","-0.0000855207908898592","0.000024440698325634003","1590392453157","0.0008719763960742203","0"
"unknown","0.00035430234856903553","0.0005253443960100412","0.000024440698325634003","1590392453187","0.0006341247797991607","0"
"unknown","-0.0002565628965385258","-0.0000855207908898592","-0.0005864240229129791","1590392453216","0.0006457797304066671","0"
"unknown","0.00035430234856903553","-0.0000855207908898592","0.0006353063508868217","1590392453247","0.0007324330135603466","0"
"unknown","0.00035430234856903553","-0.0000855207908898592","0.000024440698325634003","1590392453267","0.0003652961916179883","0"
"unknown","-0.0002565628965385258","0.0005253443960100412","0.000024440698325634003","1590392453297","0.0005851569037737126","0"
"unknown","-0.0014782934449613094","0.0029688053764402866","0.000024440698325634003","1590392453316","0.0033165877374691857","0"
"unknown","0.00035430234856903553","-0.0006963859777897596","0.000024440698325634003","1590392453347","0.0007817166571068948","0"
"unknown","-0.0002565628965385258","-0.0000855207908898592","0.0006353063508868217","1590392453367","0.0006904726533555075","0"
"unknown","0.00035430234856903553","-0.0000855207908898592","-0.0005864240229129791","1590392453397","0.0006904615083590132","0"
"unknown","-0.0002565628965385258","-0.0000855207908898592","0.000024440698325634003","1590392453416","0.0002715431333864106","0"
"unknown","0.00035430234856903553","-0.0000855207908898592","0.0006353063508868217","1590392453436","0.0007324330135603466","0"
"unknown","0.00035430234856903553","0.0005253443960100412","0.000024440698325634003","1590392453467","0.0006341247797991607","0"
"unknown","-0.0008674281998537481","-0.0000855207908898592","0.000024440698325634003","1590392453497","0.0008719763960742203","0"
"unknown","0.00035430234856903553","-0.0000855207908898592","-0.0005864240229129791","1590392453517","0.0006904615083590132","0"
"unknown","-0.0002565628965385258","-0.0006963859777897596","0.0006353063508868217","1590392453536","0.0009769299408962586","0"
"unknown","0.00035430234856903553","-0.0000855207908898592","0.000024440698325634003","1590392453567","0.0003652961916179883","0"
"unknown","-0.0002565628965385258","-0.0006963859777897596","-0.0005864240229129791","1590392453597","0.0009458705432520247","0"
"unknown","-0.0008674281998537481","-0.0000855207908898592","0.000024440698325634003","1590392453627","0.0008719763960742203","0"
"unknown","-0.00208915863186121","-0.005583307705819607","0.000024440698325634003","1590392453657","0.005961418126140747","0"
"unknown","-0.0014782934449613094","-0.0019181165844202042","0.000024440698325634003","1590392453677","0.0024218010010275516","0"
"unknown","0.0021868981420993805","0.0005253443960100412","0.0006353063508868217","1590392453707","0.0023371188197894447","0"
"unknown","0.0021868981420993805","0.0005253443960100412","0.000024440698325634003","1590392453727","0.0022492459994566004","0"
"unknown","0.0015760328387841582","0.0011362098157405853","-0.0005864240229129791","1590392453757","0.002029469238239582","0"
"unknown","0.0015760328387841582","0.0005253443960100412","0.000024440698325634003","1590392453776","0.0016614642912442783","0"
"unknown","-0.0002565628965385258","-0.0000855207908898592","0.000024440698325634003","1590392453796","0.0002715431333864106","0"
"unknown","-0.0002565628965385258","-0.0000855207908898592","0.0006353063508868217","1590392453816","0.0006904726533555075","0"
"unknown","-0.0002565628965385258","-0.0006963859777897596","0.0006353063508868217","1590392453847","0.0009769299408962586","0"
"unknown","0.00035430234856903553","-0.0006963859777897596","0.000024440698325634003","1590392453867","0.0007817166571068948","0"
"unknown","0.00035430234856903553","-0.0000855207908898592","0.0006353063508868217","1590392453896","0.0007324330135603466","0"
"unknown","-0.0008674281998537481","0.0005253443960100412","0.000024440698325634003","1590392453927","0.001014404142368964","0"
"unknown","-0.0002565628965385258","0.0005253443960100412","0.0006353063508868217","1590392453957","0.0008633802254954203","0"
"unknown","0.00035430234856903553","-0.0000855207908898592","0.0006353063508868217","1590392453977","0.0007324330135603466","0"
"unknown","-0.0002565628965385258","-0.0000855207908898592","0.0006353063508868217","1590392454007","0.0006904726533555075","0"
"unknown","0.00035430234856903553","-0.0000855207908898592","0.000024440698325634003","1590392454037","0.0003652961916179883","0"
"unknown","0.00035430234856903553","-0.0000855207908898592","0.000024440698325634003","1590392454057","0.0003652961916179883","0"
"unknown","-0.0008674281998537481","0.0005253443960100412","0.0006353063508868217","1590392454086","0.0011966756351651012","0"
"unknown","0.00035430234856903553","-0.0006963859777897596","0.000024440698325634003","1590392454107","0.0007817166571068948","0"
"unknown","0.00035430234856903553","0.0005253443960100412","0.0006353063508868217","1590392454136","0.0008972909495240766","0"
"unknown","0.00035430234856903553","-0.0006963859777897596","-0.0005864240229129791","1590392454167","0.0009769220638890168","0"
"unknown","0.00035430234856903553","-0.0000855207908898592","0.000024440698325634003","1590392454197","0.0003652961916179883","0"
"unknown","-0.0002565628965385258","-0.0000855207908898592","0.0006353063508868217","1590392454217","0.0006904726533555075","0"
"unknown","-0.0002565628965385258","-0.0000855207908898592","0.000024440698325634003","1590392454236","0.0002715431333864106","0"
"unknown","0.00035430234856903553","-0.001307251281104982","0.000024440698325634003","1590392454267","0.0013546340516489299","0"
"unknown","-0.0002565628965385258","0.0005253443960100412","0.0006353063508868217","1590392454297","0.0008633802254954203","0"
"unknown","0.00035430234856903553","0.0005253443960100412","0.000024440698325634003","1590392454327","0.0006341247797991607","0"
"unknown","-0.0002565628965385258","-0.0000855207908898592","0.0006353063508868217","1590392454347","0.0006904726533555075","0"
"unknown","0.00035430234856903553","-0.0000855207908898592","0.0006353063508868217","1590392454377","0.0007324330135603466","0"
"unknown","-0.002700024051591754","-0.005583307705819607","0.0006353063508868217","1590392454407","0.006234345914088797","0"
"unknown","-0.0008674281998537481","-0.0019181165844202042","0.000024440698325634003","1590392454437","0.002105279140889395","0"
"unknown","0.00035430234856903553","0.0011362098157405853","0.000024440698325634003","1590392454467","0.0011904201977963218","0"
"unknown","0.00035430234856903553","0.002357940189540386","0.000024440698325634003","1590392454496","0.002384535476646538","0"
"unknown","0.00035430234856903553","0.0017470750026404858","-0.0005864240229129791","1590392454517","0.0018766177963832247","0"
"unknown","0.00035430234856903553","-0.0000855207908898592","0.0006353063508868217","1590392454547","0.0007324330135603466","0"
"unknown","-0.0002565628965385258","-0.0000855207908898592","0.000024440698325634003","1590392454577","0.0002715431333864106","0"
"unknown","0.00035430234856903553","-0.0000855207908898592","0.000024440698325634003","1590392454607","0.0003652961916179883","0"
"unknown","0.00035430234856903553","-0.0000855207908898592","0.0006353063508868217","1590392454636","0.0007324330135603466","0"
"unknown","-0.0002565628965385258","-0.0000855207908898592","-0.0005864240229129791","1590392454667","0.0006457797304066671","0"
"unknown","0.0003237590426579118","-0.00004276051186025143","0.0000061122700572013855","1590392454697","0.0003266278293755301","0"
"unknown","0.0003237590426579118","-0.00004276051186025143","0.0000061122700572013855","1590392454716","0.0003266278293755301","0"
"unknown","0.0003237590426579118","0.000568104675039649","0.0000061122700572013855","1590392454737","0.0006539114613997257","0"
"unknown","0.0003237590426579118","0.000568104675039649","0.0006169779226183891","1590392454767","0.0008990131236545859","0"
"unknown","0.0003237590426579118","-0.00004276051186025143","0.0000061122700572013855","1590392454787","0.0003266278293755301","0"
"unknown","0.0003237590426579118","-0.00004276051186025143","0.0000061122700572013855","1590392454817","0.0003266278293755301","0"
"unknown","0.0003237590426579118","-0.00004276051186025143","0.0000061122700572013855","1590392454837","0.0003266278293755301","0"
"unknown","0.0003237590426579118","-0.00004276051186025143","0.0000061122700572013855","1590392454866","0.0003266278293755301","0"
"unknown","0.0003237590426579118","-0.0006536256987601519","0.0000061122700572013855","1590392454886","0.0007294407663598989","0"
"unknown","0.002156354719772935","-0.0030970866791903973","-0.0006047524511814117","1590392454916","0.003821980782672192","0"
"unknown","0.0003237590426579118","-0.00004276051186025143","0.0006169779226183891","1590392454937","0.0006980760245673971","0"
"unknown","0.0003237590426579118","0.000568104675039649","0.0000061122700572013855","1590392454967","0.0006539114613997257","0"
"unknown","0.0015454895328730345","-0.0012644910020753741","0.0000061122700572013855","1590392454986","0.001996875747360097","0"
"unknown","-0.00028710620244964957","-0.00004276051186025143","-0.0012156181037425995","1590392455017","0.0012497943058785166","0"
"unknown","-0.0008979715057648718","-0.00004276051186025143","0.0000061122700572013855","1590392455046","0.0008990098143988385","0"
"unknown","0.0003237590426579118","-0.00004276051186025143","0.0000061122700572013855","1590392455066","0.0003266278293755301","0"
"unknown","0.0003237590426579118","-0.00004276051186025143","0.0006169779226183891","1590392455087","0.0006980760245673971","0"
"unknown","0.0003237590426579118","0.000568104675039649","0.0006169779226183891","1590392455116","0.0008990131236545859","0"
"unknown","-0.00028710620244964957","0.000568104675039649","0.0000061122700572013855","1590392455147","0.0006365612720957948","0"
"unknown","0.0003237590426579118","0.000568104675039649","0.0006169779226183891","1590392455167","0.0008990131236545859","0"
"unknown","0.0003237590426579118","-0.0012644910020753741","0.0000061122700572013855","1590392455197","0.0013052948984339145","0"
"unknown","0.0003237590426579118","-0.0006536256987601519","0.0000061122700572013855","1590392455227","0.0007294407663598989","0"
"unknown","-0.00028710620244964957","-0.0006536256987601519","0.0000061122700572013855","1590392455247","0.0007139284876022305","0"
"unknown","-0.00028710620244964957","-0.00004276051186025143","0.0000061122700572013855","1590392455267","0.0002903373773816627","0"
"unknown","-0.00028710620244964957","0.000568104675039649","0.0006169779226183891","1590392455297","0.000886473152602755","0"
"unknown","-0.0008979715057648718","-0.00004276051186025143","0.0000061122700572013855","1590392455327","0.0008990098143988385","0"
"unknown","0.0003237590426579118","0.000568104675039649","0.0000061122700572013855","1590392455347","0.0006539114613997257","0"
"unknown","-0.00028710620244964957","-0.00004276051186025143","0.0000061122700572013855","1590392455377","0.0002903373773816627","0"
"unknown","-0.00028710620244964957","-0.00004276051186025143","0.0000061122700572013855","1590392455407","0.0002903373773816627","0"
"unknown","-0.00028710620244964957","-0.00004276051186025143","0.0000061122700572013855","1590392455426","0.0002903373773816627","0"
"unknown","-0.00028710620244964957","-0.0006536256987601519","0.0006169779226183891","1590392455447","0.0009435667875477914","0"
"unknown","0.0003237590426579118","-0.00004276051186025143","0.0000061122700572013855","1590392455467","0.0003266278293755301","0"
"unknown","0.0003237590426579118","-0.00004276051186025143","0.0000061122700572013855","1590392455497","0.0003266278293755301","0"
"unknown","0.0003237590426579118","-0.00004276051186025143","0.0000061122700572013855","1590392455517","0.0003266278293755301","0"
"unknown","-0.00028710620244964957","-0.00004276051186025143","0.0000061122700572013855","1590392455537","0.0002903373773816627","0"
"unknown","0.0003237590426579118","-0.0006536256987601519","0.0006169779226183891","1590392455567","0.0009553576444353011","0"
"unknown","-0.00028710620244964957","0.000568104675039649","0.0000061122700572013855","1590392455587","0.0006365612720957948","0"
"unknown","0.0003237590426579118","-0.00004276051186025143","-0.0006047524511814117","1590392455617","0.0006872946284434675","0"
"unknown","0.0003237590426579118","-0.00004276051186025143","0.0000061122700572013855","1590392455637","0.0003266278293755301","0"
"unknown","0.0003237590426579118","-0.00004276051186025143","0.0000061122700572013855","1590392455667","0.0003266278293755301","0"
"unknown","0.0003237590426579118","0.000568104675039649","0.0000061122700572013855","1590392455687","0.0006539114613997257","0"
"unknown","-0.00028710620244964957","-0.00004276051186025143","0.0000061122700572013855","1590392455717","0.0002903373773816627","0"
"unknown","-0.0003420840948820114","0.000048869289457798004","0.0006658490747213364","1590392455737","0.0007501764630609353","0"
"unknown","0.00026878115022554994","0.000048869289457798004","0.00005498342216014862","1590392455767","0.0002786659126644678","0"
"unknown","0.00026878115022554994","0.000048869289457798004","0.00005498342216014862","1590392455787","0.0002786659126644678","0"
"unknown","0.00026878115022554994","0.0006597344763576984","0.0006658490747213364","1590392455817","0.0009751142888496691","0"
"unknown","0.00026878115022554994","0.000048869289457798004","-0.0005558812990784645","1590392455847","0.0006193831874000464","0"
"unknown","0.002101376885548234","-0.001783726504072547","0.0006658490747213364","1590392455877","0.002835633976160274","0"
"unknown","0.00026878115022554994","0.000048869289457798004","0.00005498342216014862","1590392455906","0.0002786659126644678","0"
"unknown","-0.0003420840948820114","0.000048869289457798004","0.00005498342216014862","1590392455927","0.00034990414706858816","0"
"unknown","0.00026878115022554994","0.0012705998960882425","0.00005498342216014862","1590392455956","0.00129988098661703","0"
"unknown","0.00026878115022554994","-0.0005619958974421024","0.00005498342216014862","1590392455987","0.0006253845794155505","0"
"unknown","0.00026878115022554994","0.0006597344763576984","0.0006658490747213364","1590392456017","0.0009751142888496691","0"
"unknown","-0.0003420840948820114","0.000048869289457798004","0.00005498342216014862","1590392456047","0.00034990414706858816","0"
"unknown","0.0014905116986483335","0.0006597344763576984","0.00005498342216014862","1590392456076","0.0016309193357781212","0"
"unknown","-0.0009529493981972337","-0.0005619958974421024","0.00005498342216014862","1590392456107","0.001107689090394351","0"
"unknown","-0.0003420840948820114","0.000048869289457798004","0.0006658490747213364","1590392456136","0.0007501764630609353","0"
"unknown","0.00026878115022554994","0.000048869289457798004","0.00005498342216014862","1590392456157","0.0002786659126644678","0"
"unknown","0.00026878115022554994","-0.0005619958974421024","0.00005498342216014862","1590392456187","0.0006253845794155505","0"
"unknown","0.0014905116986483335","-0.0005619958974421024","0.00005498342216014862","1590392456207","0.001593890739436595","0"
"unknown","0.00026878115022554994","0.0006597344763576984","0.00005498342216014862","1590392456237","0.0007145040676748995","0"
"unknown","0.00026878115022554994","0.0006597344763576984","0.00005498342216014862","1590392456257","0.0007145040676748995","0"
"unknown","-0.0003420840948820114","0.000048869289457798004","0.0006658490747213364","1590392456278","0.0007501764630609353","0"
"unknown","-0.003396410495042801","0.003103195456787944","0.00005498342216014862","1590392456307","0.004600918329048959","0"
"unknown","-0.0003420840948820114","-0.0005619958974421024","0.00005498342216014862","1590392456336","0.0006602151872120485","0"
"unknown","0.00026878115022554994","0.001881465082988143","0.00005498342216014862","1590392456367","0.0019013619702551617","0"
"unknown","0.002101376885548234","0.0012705998960882425","0.00005498342216014862","1590392456396","0.002456263847343825","0"
"unknown","0.0014905116986483335","0.0012705998960882425","0.00005498342216014862","1590392456417","0.001959355097081546","0"
"unknown","0.00026878115022554994","0.000048869289457798004","0.00005498342216014862","1590392456447","0.0002786659126644678","0"
"unknown","-0.0003420840948820114","0.000048869289457798004","0.00005498342216014862","1590392456477","0.00034990414706858816","0"
"unknown","-0.0003420840948820114","0.0006597344763576984","0.00005498342216014862","1590392456507","0.0007451807055866735","0"
"unknown","-0.0003420840948820114","-0.0005619958974421024","0.00005498342216014862","1590392456537","0.0006602151872120485","0"
"unknown","-0.0003420840948820114","-0.0005619958974421024","0.00005498342216014862","1590392456567","0.0006602151872120485","0"
"unknown","-0.0003420840948820114","0.0006597344763576984","0.00005498342216014862","1590392456597","0.0007451807055866735","0"
"unknown","0.00026878115022554994","0.000048869289457798004","0.00005498342216014862","1590392456617","0.0002786659126644678","0"
"unknown","-0.0003420840948820114","0.000048869289457798004","0.0006658490747213364","1590392456637","0.0007501764630609353","0"
"unknown","-0.0003420840948820114","0.0006597344763576984","0.00005498342216014862","1590392456667","0.0007451807055866735","0"
"unknown","-0.0003420840948820114","-0.0005619958974421024","0.0006658490747213364","1590392456697","0.000936064050703935","0"
"unknown","0.00026878115022554994","-0.0005619958974421024","-0.0005558812990784645","1590392456717","0.0008349171899796321","0"
"unknown","0.00026878115022554994","-0.0011728612007573247","0.00005498342216014862","1590392456746","0.00120452060159672","0"
"unknown","0.00026878115022554994","0.000048869289457798004","0.00005498342216014862","1590392456776","0.0002786659126644678","0"
"unknown","0.00026878115022554994","0.0006597344763576984","0.00005498342216014862","1590392456807","0.0007145040676748995","0"
"unknown","0.00026878115022554994","0.0012705998960882425","0.0006658490747213364","1590392456827","0.0014594596236152894","0"
"unknown","-0.0003420840948820114","0.0006597344763576984","0.0006658490747213364","1590392456856","0.0009978106521647638","0"
"unknown","-0.0003420840948820114","0.000048869289457798004","-0.0005558812990784645","1590392456877","0.0006545332337540366","0"
"unknown","0.0014905116986483335","-0.0005619958974421024","0.00005498342216014862","1590392456906","0.001593890739436595","0"
"unknown","0.00026878115022554994","0.000048869289457798004","-0.0005558812990784645","1590392456927","0.0006193831874000464","0"
"unknown","0.00026878115022554994","0.000048869289457798004","0.0006658490747213364","1590392456956","0.0007197127930472956","0"
"unknown","-0.0003420840948820114","0.000048869289457798004","0.00005498342216014862","1590392456987","0.00034990414706858816","0"
"unknown","0.00026878115022554994","0.000048869289457798004","0.00005498342216014862","1590392457007","0.0002786659126644678","0"
"unknown","0.00026878115022554994","0.0006597344763576984","0.00005498342216014862","1590392457037","0.0007145040676748995","0"
"unknown","-0.0003420840948820114","0.000048869289457798004","0.0006658490747213364","1590392457067","0.0007501764630609353","0"
"unknown","-0.0009529493981972337","0.000048869289457798004","0.00005498342216014862","1590392457097","0.0009557844629878752","0"
"unknown","0.00026878115022554994","0.000048869289457798004","-0.0005558812990784645","1590392457117","0.0006193831874000464","0"
"unknown","0.00026878115022554994","-0.0005619958974421024","0.00005498342216014862","1590392457146","0.0006253845794155505","0"
"unknown","-0.0003420840948820114","0.000048869289457798004","0.00005498342216014862","1590392457177","0.00034990414706858816","0"
"unknown","-0.0003420840948820114","0.000048869289457798004","0.0006658490747213364","1590392457197","0.0007501764630609353","0"
"unknown","-0.0003420840948820114","0.000048869289457798004","0.0006658490747213364","1590392457217","0.0007501764630609353","0"
"unknown","0.00026878115022554994","0.000048869289457798004","0.00005498342216014862","1590392457237","0.0002786659126644678","0"
"unknown","-0.0003420840948820114","0.000048869289457798004","0.00005498342216014862","1590392457267","0.00034990414706858816","0"
"unknown","0.00026878115022554994","0.000048869289457798004","0.00005498342216014862","1590392457296","0.0002786659126644678","0"
"unknown","-0.0003420840948820114","0.000048869289457798004","0.00005498342216014862","1590392457317","0.00034990414706858816","0"
"unknown","0.00026878115022554994","-0.0005619958974421024","0.00005498342216014862","1590392457337","0.0006253845794155505","0"
"unknown","-0.0003420840948820114","-0.0005619958974421024","-0.0005558812990784645","1590392457357","0.0008613158162823671","0"
"unknown","-0.0003420840948820114","0.000048869289457798004","0.00005498342216014862","1590392457387","0.00034990414706858816","0"
"unknown","-0.0003420840948820114","-0.0005619958974421024","0.00005498342216014862","1590392457417","0.0006602151872120485","0"
"unknown","0.00035430234856903553","-0.000641408609226346","0.00003665592521429062","1590392457437","0.0007336748701192684","0"
"unknown","-0.0002565628965385258","-0.000641408609226346","0.0006475215777754784","1590392457457","0.000946844083022521","0"
"unknown","0.00035430234856903553","0.0005803217645734549","0.00003665592521429062","1590392457487","0.0006809164129997884","0"
"unknown","0.00035430234856903553","-0.00003054342232644558","-0.0005742087960243225","1590392457507","0.0006754100948909839","0"
"unknown","0.00035430234856903553","-0.00003054342232644558","0.00003665592521429062","1590392457536","0.0003575006457368457","0"
"unknown","-0.0002565628965385258","0.0005803217645734549","0.0006475215777754784","1590392457567","0.0009065771142063601","0"
"unknown","0.00035430234856903553","-0.00003054342232644558","0.00003665592521429062","1590392457587","0.0003575006457368457","0"
"unknown","0.00035430234856903553","0.001191187184303999","0.00003665592521429062","1590392457607","0.0012433023442047148","0"
"unknown","-0.0002565628965385258","-0.00003054342232644558","-0.0005742087960243225","1590392457637","0.0006296611485230385","0"
"unknown","0.00035430234856903553","-0.00003054342232644558","0.0006475215777754784","1590392457666","0.0007387470802201461","0"
"unknown","0.00035430234856903553","0.0005803217645734549","0.0006475215777754784","1590392457687","0.0009389290166588886","0"
"unknown","0.00035430234856903553","0.0005803217645734549","0.0006475215777754784","1590392457716","0.0009389290166588886","0"
"unknown","0.00035430234856903553","-0.00003054342232644558","0.0006475215777754784","1590392457747","0.0007387470802201461","0"
"unknown","-0.0002565628965385258","0.001191187184303999","0.0006475215777754784","1590392457767","0.0013798679725304057","0"
"unknown","0.00035430234856903553","-0.00003054342232644558","0.0006475215777754784","1590392457796","0.0007387470802201461","0"
"unknown","0.00035430234856903553","0.0005803217645734549","0.00003665592521429062","1590392457817","0.0006809164129997884","0"
"unknown","-0.0002565628965385258","-0.00003054342232644558","0.0006475215777754784","1590392457837","0.0006971668481880753","0"
"unknown","-0.0002565628965385258","0.0005803217645734549","0.0006475215777754784","1590392457867","0.0009065771142063601","0"
"unknown","0.00035430234856903553","-0.00003054342232644558","0.00003665592521429062","1590392457887","0.0003575006457368457","0"
"unknown","-0.0002565628965385258","-0.00003054342232644558","0.00003665592521429062","1590392457907","0.00026096183127224867","0"
"unknown","0.00035430234856903553","-0.00003054342232644558","0.0006475215777754784","1590392457927","0.0007387470802201461","0"
"unknown","0.00035430234856903553","0.0005803217645734549","0.00003665592521429062","1590392457957","0.0006809164129997884","0"
"unknown","0.00035430234856903553","-0.000641408609226346","0.0006475215777754784","1590392457987","0.000977864689962806","0"
"unknown","0.00035430234856903553","-0.00003054342232644558","0.00003665592521429062","1590392458007","0.0003575006457368457","0"
"unknown","0.00035430234856903553","-0.000641408609226346","0.00003665592521429062","1590392458036","0.0007336748701192684","0"
"unknown","0.00035430234856903553","0.0005803217645734549","0.00003665592521429062","1590392458057","0.0006809164129997884","0"
"unknown","-0.0002565628965385258","-0.00003054342232644558","0.0006475215777754784","1590392458087","0.0006971668481880753","0"
"unknown","-0.0008674281998537481","-0.00003054342232644558","0.0006475215777754784","1590392458107","0.00108288908768801","0"
"unknown","0.00035430234856903553","-0.00003054342232644558","0.00003665592521429062","1590392458137","0.0003575006457368457","0"
"unknown","-0.0002565628965385258","-0.000641408609226346","0.0006475215777754784","1590392458167","0.000946844083022521","0"
"unknown","-0.0002565628965385258","-0.00003054342232644558","0.00003665592521429062","1590392458187","0.00026096183127224867","0"
"unknown","-0.0002565628965385258","-0.00003054342232644558","0.00003665592521429062","1590392458217","0.00026096183127224867","0"
"unknown","-0.0002565628965385258","-0.00003054342232644558","0.00003665592521429062","1590392458237","0.00026096183127224867","0"
"unknown","0.00035430234856903553","-0.00003054342232644558","0.00003665592521429062","1590392458257","0.0003575006457368457","0"
"unknown","-0.0002565628965385258","-0.00003054342232644558","0.00003665592521429062","1590392458287","0.00026096183127224867","0"
"unknown","0.00035430234856903553","-0.00003054342232644558","0.00003665592521429062","1590392458307","0.0003575006457368457","0"
"unknown","0.00035430234856903553","-0.00003054342232644558","0.00003665592521429062","1590392458337","0.0003575006457368457","0"
"unknown","-0.0002565628965385258","-0.000641408609226346","0.0006475215777754784","1590392458357","0.000946844083022521","0"
"unknown","0.00035430234856903553","0.0005803217645734549","-0.0011850744485855103","1590392458386","0.001366274113539971","0"
"unknown","-0.0002565628965385258","-0.00003054342232644558","0.00003665592521429062","1590392458416","0.00026096183127224867","0"
"unknown","0.00035430234856903553","-0.0012522739125415683","-0.0011850744485855103","1590392458437","0.001760148162776064","0"
"unknown","-0.0002565628965385258","-0.00003054342232644558","-0.0005742087960243225","1590392458456","0.0006296611485230385","0"
"unknown","-0.00033597543369978666","-0.0001588247250765562","0.00000611133873462677","1590392458477","0.0003716747688591906","0"
"unknown","0.0002748898114077747","-0.0001588247250765562","0.00000611133873462677","1590392458507","0.00031753275448774564","0"
"unknown","-0.00033597543369978666","0.00045204046182334423","0.00000611133873462677","1590392458537","0.0005632560870832658","0"
"unknown","-0.00033597543369978666","0.00045204046182334423","0.00000611133873462677","1590392458557","0.0005632560870832658","0"
"unknown","-0.00033597543369978666","0.00045204046182334423","0.00000611133873462677","1590392458587","0.0005632560870832658","0"
"unknown","0.0002748898114077747","0.00045204046182334423","-0.0006047533825039864","1590392458607","0.0008035120666121182","0"
"unknown","-0.00033597543369978666","-0.0001588247250765562","0.0006169769912958145","1590392458637","0.0007202537005346373","0"
"unknown","0.0002748898114077747","-0.0001588247250765562","0.0006169769912958145","1590392458657","0.0006938662043217563","0"
"unknown","-0.00033597543369978666","-0.0001588247250765562","0.0006169769912958145","1590392458687","0.0007202537005346373","0"
"unknown","0.0002748898114077747","-0.0007696899119764566","-0.0006047533825039864","1590392458707","0.0010167170809345836","0"
"unknown","0.0002748898114077747","-0.0001588247250765562","-0.0006047533825039864","1590392458727","0.00068302002559329","0"
"unknown","-0.00033597543369978666","-0.0001588247250765562","0.00000611133873462677","1590392458747","0.0003716747688591906","0"
"unknown","-0.00033597543369978666","0.00045204046182334423","0.00000611133873462677","1590392458777","0.0005632560870832658","0"
"unknown","0.0002748898114077747","-0.0001588247250765562","0.00000611133873462677","1590392458807","0.00031753275448774564","0"
"unknown","0.0002748898114077747","-0.0007696899119764566","-0.0006047533825039864","1590392458836","0.0010167170809345836","0"
"unknown","0.0002748898114077747","-0.0001588247250765562","-0.0006047533825039864","1590392458857","0.00068302002559329","0"
"unknown","-0.00033597543369978666","-0.0001588247250765562","0.00000611133873462677","1590392458887","0.0003716747688591906","0"
"unknown","0.0002748898114077747","-0.0001588247250765562","0.0006169769912958145","1590392458907","0.0006938662043217563","0"
"unknown","-0.00033597543369978666","-0.0001588247250765562","0.00000611133873462677","1590392458937","0.0003716747688591906","0"
"unknown","0.0002748898114077747","-0.0001588247250765562","0.0006169769912958145","1590392458957","0.0006938662043217563","0"
"unknown","-0.00033597543369978666","-0.0001588247250765562","0.00000611133873462677","1590392458977","0.0003716747688591906","0"
"unknown","-0.00033597543369978666","0.00045204046182334423","0.00000611133873462677","1590392458997","0.0005632560870832658","0"
"unknown","0.0002748898114077747","0.00045204046182334423","0.0006169769912958145","1590392459027","0.0008127518657805098","0"
"unknown","-0.0009468407370150089","-0.001991420518606901","0.00000611133873462677","1590392459047","0.0022050624507393966","0"
"unknown","-0.0009468407370150089","-0.0001588247250765562","0.0006169769912958145","1590392459067","0.0011412244662445704","0"
"unknown","0.0002748898114077747","-0.0001588247250765562","0.0012278417125344276","1590392459097","0.0012682211844749012","0"
"unknown","0.0002748898114077747","0.00045204046182334423","-0.0006047533825039864","1590392459127","0.0008035120666121182","0"
"unknown","0.0002748898114077747","0.00045204046182334423","0.00000611133873462677","1590392459157","0.0005290957720511416","0"
"unknown","0.0002748898114077747","-0.0007696899119764566","0.00000611133873462677","1590392459187","0.0008173275460152172","0"
"unknown","0.0002748898114077747","0.00045204046182334423","-0.0006047533825039864","1590392459217","0.0008035120666121182","0"
"unknown","0.0002748898114077747","-0.0001588247250765562","-0.0006047533825039864","1590392459237","0.00068302002559329","0"
"unknown","-0.00033597543369978666","0.00045204046182334423","0.00000611133873462677","1590392459256","0.0005632560870832658","0"
"unknown","0.0002748898114077747","-0.0001588247250765562","0.00000611133873462677","1590392459287","0.00031753275448774564","0"
"unknown","0.0002748898114077747","-0.0001588247250765562","-0.0006047533825039864","1590392459317","0.00068302002559329","0"
"unknown","-0.00033597543369978666","-0.0001588247250765562","0.00000611133873462677","1590392459337","0.0003716747688591906","0"
"unknown","0.0002748898114077747","-0.0001588247250765562","0.00000611133873462677","1590392459357","0.00031753275448774564","0"
"unknown","-0.0009468407370150089","0.0010629058815538883","0.0006169769912958145","1590392459386","0.0015514305985449073","0"
"unknown","-0.0015577059239149094","-0.0007696899119764566","0.0006169769912958145","1590392459407","0.0018437816882121273","0"
"unknown","-0.00033597543369978666","-0.0007696899119764566","0.0006169769912958145","1590392459436","0.0010420953221450143","0"
"unknown","-0.00033597543369978666","-0.0007696899119764566","0.0006169769912958145","1590392459457","0.0010420953221450143","0"
"unknown","0.0002748898114077747","-0.0001588247250765562","0.00000611133873462677","1590392459487","0.00031753275448774564","0"
"unknown","-0.00033597543369978666","-0.0001588247250765562","0.00000611133873462677","1590392459517","0.0003716747688591906","0"
"unknown","0.0003481936873868108","0.00045814993791282177","0.00009774602949619293","1590392459547","0.0005836904109438643","0"
"unknown","0.0003481936873868108","-0.00015271524898707867","0.0007086116820573807","1590392459577","0.0008041711926930732","0"
"unknown","0.0003481936873868108","-0.0007635804358869791","0.00009774602949619293","1590392459597","0.0008448953854103144","0"
"unknown","0.0003481936873868108","-0.00015271524898707867","0.0007086116820573807","1590392459627","0.0008041711926930732","0"
"unknown","-0.00026267155772075057","0.00045814993791282177","0.00009774602949619293","1590392459647","0.0005370772748192188","0"
"unknown","0.0003481936873868108","-0.00015271524898707867","0.00009774602949619293","1590392459677","0.0003925749323269128","0"
"unknown","0.0003481936873868108","0.00045814993791282177","0.00009774602949619293","1590392459697","0.0005836904109438643","0"
"unknown","-0.0008735368610359728","0.0010690153576433659","0.00009774602949619293","1590392459717","0.0013839851042363948","0"
"unknown","0.0003481936873868108","-0.00015271524898707867","0.00009774602949619293","1590392459747","0.0003925749323269128","0"
"unknown","0.0003481936873868108","-0.00015271524898707867","0.00009774602949619293","1590392459767","0.0003925749323269128","0"
"unknown","0.0003481936873868108","-0.00015271524898707867","-0.001123984344303608","1590392459797","0.0011865502928442692","0"
"unknown","0.0003481936873868108","0.00045814993791282177","-0.0005131186917424202","1590392459827","0.0007709935157710468","0"
"unknown","0.0003481936873868108","-0.00015271524898707867","0.00009774602949619293","1590392459856","0.0003925749323269128","0"
"unknown","-0.00026267155772075057","-0.00015271524898707867","0.0007086116820573807","1590392459886","0.0007710050651304577","0"
"unknown","0.0003481936873868108","-0.0007635804358869791","-0.0005131186917424202","1590392459907","0.0009836588421911461","0"
"unknown","0.0003481936873868108","-0.0007635804358869791","0.0007086116820573807","1590392459927","0.001098373543906427","0"
"unknown","-0.00026267155772075057","0.00045814993791282177","-0.0005131186917424202","1590392459947","0.0007363345059552899","0"
"unknown","0.0003481936873868108","-0.00015271524898707867","0.00009774602949619293","1590392459967","0.0003925749323269128","0"
"unknown","0.0003481936873868108","-0.00015271524898707867","0.00009774602949619293","1590392459997","0.0003925749323269128","0"
"unknown","-0.00026267155772075057","0.0016798805445432663","-0.0005131186917424202","1590392460027","0.001776030907103218","0"
"unknown","0.0003481936873868108","-0.0007635804358869791","-0.0005131186917424202","1590392460047","0.0009836588421911461","0"
"unknown","0.0003481936873868108","0.00045814993791282177","-0.0005131186917424202","1590392460066","0.0007709935157710468","0"
"unknown","-0.00026267155772075057","-0.0007635804358869791","-0.0005131186917424202","1590392460097","0.0009567351886077189","0"
"unknown","0.0003481936873868108","-0.00015271524898707867","-0.0005131186917424202","1590392460127","0.0006386325884455493","0"
"unknown","0.0003481936873868108","-0.00015271524898707867","0.00009774602949619293","1590392460147","0.0003925749323269128","0"
"unknown","-0.00026267155772075057","0.00045814993791282177","0.00009774602949619293","1590392460176","0.0005370772748192188","0"
"unknown","-0.00026267155772075057","0.0010690153576433659","-0.0005131186917424202","1590392460196","0.00121452911613031","0"
"unknown","0.0003481936873868108","-0.0013744457392022014","0.00009774602949619293","1590392460226","0.0014212298266745532","0"
"unknown","-0.00026267155772075057","0.0010690153576433659","0.00009774602949619293","1590392460257","0.0011051445463807392","0"
"unknown","0.0003481936873868108","-0.00015271524898707867","-0.0005131186917424202","1590392460277","0.0006386325884455493","0"
"unknown","0.0003481936873868108","0.0010690153576433659","0.00009774602949619293","1590392460297","0.0011285331032343127","0"
"unknown","-0.00026267155772075057","0.00045814993791282177","0.00009774602949619293","1590392460316","0.0005370772748192188","0"
"unknown","-0.0008735368610359728","0.0010690153576433659","0.00009774602949619293","1590392460337","0.0013839851042363948","0"
"unknown","-0.00026267155772075057","-0.00015271524898707867","-0.0005131186917424202","1590392460357","0.0005963296792245744","0"
"unknown","-0.0008735368610359728","0.0022907457314431667","0.00009774602949619293","1590392460387","0.0024535967354061953","0"
"unknown","-0.00026267155772075057","-0.00015271524898707867","-0.0005131186917424202","1590392460407","0.0005963296792245744","0"
"unknown","0.0003481936873868108","-0.00015271524898707867","0.00009774602949619293","1590392460436","0.0003925749323269128","0"
"unknown","0.0003481936873868108","-0.00015271524898707867","0.0007086116820573807","1590392460467","0.0008041711926930732","0"
"unknown","0.0003481936873868108","-0.0007635804358869791","0.0007086116820573807","1590392460486","0.001098373543906427","0"
"unknown","-0.00026267155772075057","0.00045814993791282177","0.0007086116820573807","1590392460517","0.0008837580148395592","0"
"unknown","-0.00026267155772075057","0.00045814993791282177","0.00009774602949619293","1590392460547","0.0005370772748192188","0"
"unknown","0.0003481936873868108","-0.00015271524898707867","0.00009774602949619293","1590392460567","0.0003925749323269128","0"
"unknown","0.0002626724890433252","-0.000348192872479558","0.00017104577273130417","1590392460587","0.0004684994869954827","0"
"unknown","-0.00034819275606423616","-0.000348192872479558","-0.00043981894850730896","1590392460617","0.0006602402436138298","0"
"unknown","0.0002626724890433252","-0.000348192872479558","0.00017104577273130417","1590392460647","0.0004684994869954827","0"
"unknown","-0.00034819275606423616","0.0020952681079506874","0.00017104577273130417","1590392460677","0.002130878526791265","0"
"unknown","0.0002626724890433252","-0.000348192872479558","0.00017104577273130417","1590392460707","0.0004684994869954827","0"
"unknown","0.0002626724890433252","-0.000348192872479558","0.0007819114252924919","1590392460727","0.0008953326699884896","0"
"unknown","-0.00034819275606423616","0.00026267231442034245","0.00017104577273130417","1590392460747","0.00046849930256916806","0"
"unknown","-0.00034819275606423616","0.00026267231442034245","-0.00043981894850730896","1590392460767","0.0006194155693915215","0"
"unknown","0.0002626724890433252","-0.000348192872479558","0.00017104577273130417","1590392460797","0.0004684994869954827","0"
"unknown","0.0002626724890433252","0.00026267231442034245","-0.00043981894850730896","1590392460817","0.0005757032992169056","0"
"unknown","0.0002626724890433252","0.00026267231442034245","0.0007819114252924919","1590392460847","0.0008656668286737636","0"
"unknown","0.0002626724890433252","-0.000348192872479558","0.00017104577273130417","1590392460877","0.0004684994869954827","0"
"unknown","-0.00034819275606423616","-0.000348192872479558","0.00017104577273130417","1590392460896","0.0005212802779603535","0"
"unknown","-0.00034819275606423616","-0.000348192872479558","0.00017104577273130417","1590392460927","0.0005212802779603535","0"
"unknown","0.0002626724890433252","-0.000348192872479558","-0.0010506846010684967","1590392460957","0.0011376173538884889","0"
"unknown","-0.00034819275606423616","-0.000348192872479558","0.00017104577273130417","1590392460987","0.0005212802779603535","0"
"unknown","0.0002626724890433252","-0.0009590580593794584","0.00017104577273130417","1590392461006","0.00100898258366047","0"
"unknown","-0.00034819275606423616","0.00026267231442034245","-0.00043981894850730896","1590392461027","0.0006194155693915215","0"
"unknown","0.0002626724890433252","-0.000348192872479558","0.0007819114252924919","1590392461057","0.0008953326699884896","0"
"unknown","-0.00034819275606423616","0.00026267231442034245","0.00017104577273130417","1590392461077","0.00046849930256916806","0"
"unknown","0.0002626724890433252","0.00026267231442034245","-0.00043981894850730896","1590392461097","0.0005757032992169056","0"
"unknown","0.0002626724890433252","-0.000348192872479558","-0.00043981894850730896","1590392461127","0.0006194157088836676","0"
"unknown","-0.00034819275606423616","0.00026267231442034245","0.00017104577273130417","1590392461157","0.00046849930256916806","0"
"unknown","-0.00034819275606423616","-0.000348192872479558","0.00017104577273130417","1590392461187","0.0005212802779603535","0"
"unknown","0.0002626724890433252","-0.000348192872479558","-0.00043981894850730896","1590392461217","0.0006194157088836676","0"
"unknown","0.0002626724890433252","-0.000348192872479558","-0.00043981894850730896","1590392461247","0.0006194157088836676","0"
"unknown","-0.00034819275606423616","-0.000348192872479558","-0.00043981894850730896","1590392461277","0.0006602402436138298","0"
"unknown","0.0002626724890433252","-0.002180788666009903","-0.00043981894850730896","1590392461307","0.002240151055121851","0"
"unknown","0.001484402921050787","-0.000348192872479558","0.0007819114252924919","1590392461327","0.0017134981136472287","0"
"unknown","0.0002626724890433252","0.00026267231442034245","0.00017104577273130417","1590392461347","0.0004089623914645502","0"
"unknown","0.0002626724890433252","-0.000348192872479558","0.00017104577273130417","1590392461377","0.0004684994869954827","0"
"unknown","0.0002626724890433252","0.0008735377341508865","0.00017104577273130417","1590392461406","0.0009280741704491779","0"
"unknown","0.0002626724890433252","-0.000348192872479558","-0.00043981894850730896","1590392461439","0.0006194157088836676","0"
"unknown","-0.0027916538529098034","0.0033169984817504883","-0.00043981894850730896","1590392461467","0.004357665759310513","0"
"unknown","0.0002626724890433252","-0.0009590580593794584","-0.00043981894850730896","1590392461497","0.001087303961745281","0"
"unknown","-0.00034819275606423616","0.0008735377341508865","0.00017104577273130417","1590392461527","0.000955804909346213","0"
"unknown","-0.00034819275606423616","0.00026267231442034245","0.00017104577273130417","1590392461557","0.00046849930256916806","0"
"unknown","-0.00034819275606423616","0.0008735377341508865","0.00017104577273130417","1590392461576","0.000955804909346213","0"
"unknown","0.0002626724890433252","-0.000348192872479558","0.00017104577273130417","1590392461607","0.0004684994869954827","0"
"unknown","-0.00033597543369978666","0.00043371436186134815","0.00022602267563343048","1590392461627","0.000593358146177375","0"
"unknown","0.0002748898114077747","-0.0007880160119384527","0.00022602267563343048","1590392461656","0.0008646501566458428","0"
"unknown","0.0014966202434152365","-0.00017715082503855228","0.00022602267563343048","1590392461687","0.001523922838503517","0"
"unknown","-0.00033597543369978666","-0.00017715082503855228","0.00022602267563343048","1590392461717","0.000441982077421805","0"
"unknown","0.0002748898114077747","0.00043371436186134815","0.00022602267563343048","1590392461747","0.0005610336941762886","0"
"unknown","0.0002748898114077747","-0.0007880160119384527","-0.00038484204560518265","1590392461777","0.0009190413720571926","0"
"unknown","0.0002748898114077747","-0.00017715082503855228","0.00022602267563343048","1590392461797","0.00039753373835202545","0"
"unknown","0.0002748898114077747","-0.00017715082503855228","0.00022602267563343048","1590392461827","0.00039753373835202545","0"
"unknown","-0.00033597543369978666","-0.00017715082503855228","-0.00038484204560518265","1590392461847","0.0005407081531909622","0"
"unknown","0.0002748898114077747","0.00043371436186134815","-0.0009957076981663704","1590392461877","0.0011203153021754056","0"
"unknown","-0.00033597543369978666","-0.00017715082503855228","0.00022602267563343048","1590392461896","0.000441982077421805","0"
"unknown","-0.00033597543369978666","-0.0007880160119384527","0.00022602267563343048","1590392461926","0.0008859655619840076","0"
"unknown","0.0002748898114077747","0.0010445797815918922","-0.00038484204560518265","1590392461947","0.0011466537090996343","0"
"unknown","-0.0009468407370150089","0.00043371436186134815","0.00022602267563343048","1590392461976","0.0010656930978740627","0"
"unknown","0.0002748898114077747","-0.00017715082503855228","0.00022602267563343048","1590392461997","0.00039753373835202545","0"
"unknown","0.0002748898114077747","-0.00017715082503855228","-0.00038484204560518265","1590392462027","0.0005050249729401737","0"
"unknown","0.0014966202434152365","-0.0007880160119384527","0.00022602267563343048","1590392462057","0.0017064371180832184","0"
"unknown","0.0002748898114077747","-0.00017715082503855228","0.00022602267563343048","1590392462086","0.00039753373835202545","0"
"unknown","0.0002748898114077747","0.00043371436186134815","0.00022602267563343048","1590392462117","0.0005610336941762886","0"
"unknown","0.0002748898114077747","-0.00017715082503855228","0.00022602267563343048","1590392462146","0.00039753373835202545","0"
"unknown","0.0002748898114077747","0.00043371436186134815","0.0008368883281946182","1590392462177","0.000981862836637064","0"
"unknown","-0.00033597543369978666","-0.0007880160119384527","0.00022602267563343048","1590392462207","0.0008859655619840076","0"
"unknown","0.0002748898114077747","-0.00017715082503855228","0.00022602267563343048","1590392462237","0.00039753373835202545","0"
"unknown","-0.0009468407370150089","0.0010445797815918922","0.00022602267563343048","1590392462267","0.0014278447223988278","0"
"unknown","-0.00033597543369978666","-0.0007880160119384527","0.0008368883281946182","1590392462287","0.0011975937545718608","0"
"unknown","0.0002748898114077747","0.00043371436186134815","0.0008368883281946182","1590392462317","0.000981862836637064","0"
"unknown","-0.00033597543369978666","-0.00017715082503855228","0.00022602267563343048","1590392462346","0.000441982077421805","0"
"unknown","0.0002748898114077747","-0.00017715082503855228","0.00022602267563343048","1590392462376","0.00039753373835202545","0"
"unknown","0.0002748898114077747","-0.00017715082503855228","-0.00038484204560518265","1590392462397","0.0005050249729401737","0"
"unknown","-0.0009468407370150089","0.00043371436186134815","0.00022602267563343048","1590392462427","0.0010656930978740627","0"
"unknown","0.0002748898114077747","-0.00017715082503855228","0.00022602267563343048","1590392462447","0.00039753373835202545","0"
"unknown","-0.00033597543369978666","0.00043371436186134815","0.00022602267563343048","1590392462476","0.000593358146177375","0"
"unknown","0.0002748898114077747","-0.00017715082503855228","0.0008368883281946182","1590392462497","0.0008985148285343012","0"
"unknown","0.0002748898114077747","-0.0007880160119384527","0.0014477530494332314","1590392462527","0.0016710842395374346","0"
"unknown","0.0002748898114077747","-0.00017715082503855228","0.00022602267563343048","1590392462557","0.00039753373835202545","0"
"unknown","-0.00033597543369978666","-0.0007880160119384527","0.0008368883281946182","1590392462587","0.0011975937545718608","0"
"unknown","-0.00033597543369978666","-0.0007880160119384527","0.00022602267563343048","1590392462606","0.0008859655619840076","0"
"unknown","0.0002748898114077747","-0.0007880160119384527","0.0008368883281946182","1590392462637","0.00118191189069049","0"
"unknown","-0.00033597543369978666","-0.00017715082503855228","0.00022602267563343048","1590392462667","0.000441982077421805","0"
"unknown","0.000317650381475687","-0.00005497783422470093","0.0001954827457666397","1590392462697","0.00037701171201986935","0"
"unknown","0.000317650381475687","-0.0018875736277550459","-0.0004153819754719734","1590392462717","0.001958667442572882","0"
"unknown","-0.0009040801669470966","0.0011667527724057436","0.0001954827457666397","1590392462747","0.001488921248446688","0"
"unknown","-0.0002932148636318743","0.0005558873526751995","-0.0004153819754719734","1590392462767","0.0007533444701236609","0"
"unknown","0.000317650381475687","-0.0006658430211246014","0.0001954827457666397","1590392462797","0.0007631921104967284","0"
"unknown","0.000317650381475687","-0.0006658430211246014","-0.0004153819754719734","1590392462827","0.0008466350330449272","0"
"unknown","0.000317650381475687","0.0005558873526751995","-0.0004153819754719734","1590392462856","0.000763187198047039","0"
"unknown","0.000317650381475687","-0.0012767083244398236","0.0001954827457666397","1590392462886","0.0013300749657211266","0"
"unknown","0.0015393808716908097","-0.0006658430211246014","0.0001954827457666397","1590392462907","0.0016885656341405146","0"
"unknown","0.000317650381475687","-0.0006658430211246014","0.0001954827457666397","1590392462937","0.0007631921104967284","0"
"unknown","-0.0002932148636318743","0.0011667527724057436","0.0001954827457666397","1590392462967","0.0012188110977766867","0"
"unknown","-0.0002932148636318743","0.0005558873526751995","-0.0004153819754719734","1590392462987","0.0007533444701236609","0"
"unknown","0.000317650381475687","-0.0006658430211246014","0.0001954827457666397","1590392463006","0.0007631921104967284","0"
"unknown","-0.0002932148636318743","0.0005558873526751995","0.0001954827457666397","1590392463037","0.00065817870598445","0"
"unknown","-0.0002932148636318743","-0.00005497783422470093","-0.0004153819754719734","1590392463056","0.0005114095267568805","0"
"unknown","0.000317650381475687","-0.00005497783422470093","0.0001954827457666397","1590392463087","0.00037701171201986935","0"
"unknown","-0.0002932148636318743","-0.0006658430211246014","0.0001954827457666397","1590392463117","0.0007533494467559259","0"
"unknown","0.002150246175006032","-0.00005497783422470093","-0.0004153819754719734","1590392463137","0.002190690156304882","0"
"unknown","-0.0002932148636318743","-0.00005497783422470093","0.0008063483983278275","1590392463157","0.0008597646526791794","0"
"unknown","0.000317650381475687","-0.00005497783422470093","0.0001954827457666397","1590392463187","0.00037701171201986935","0"
"unknown","0.000317650381475687","0.0005558873526751995","0.0001954827457666397","1590392463207","0.0006694221520149717","0"
"unknown","-0.0009040801669470966","0.0023884831462055445","0.0008063483983278275","1590392463237","0.0026781356252925056","0"
"unknown","-0.0002932148636318743","-0.00005497783422470093","-0.0004153819754719734","1590392463257","0.0005114095267568805","0"
"unknown","0.000317650381475687","0.0005558873526751995","0.0001954827457666397","1590392463287","0.0006694221520149717","0"
"unknown","0.000317650381475687","0.0005558873526751995","0.0001954827457666397","1590392463317","0.0006694221520149717","0"
"unknown","0.000317650381475687","-0.00005497783422470093","0.0001954827457666397","1590392463337","0.00037701171201986935","0"
"unknown","-0.0002932148636318743","-0.0006658430211246014","0.0001954827457666397","1590392463357","0.0007533494467559259","0"
"unknown","0.000317650381475687","0.0005558873526751995","0.0001954827457666397","1590392463387","0.0006694221520149717","0"
"unknown","0.000317650381475687","-0.0006658430211246014","0.0008063483983278275","1590392463407","0.0010929073305261698","0"
"unknown","-0.0002932148636318743","-0.0006658430211246014","-0.0004153819754719734","1590392463427","0.0008377732811339797","0"
"unknown","-0.0002932148636318743","0.0005558873526751995","0.0001954827457666397","1590392463457","0.00065817870598445","0"
"unknown","0.000317650381475687","0.0005558873526751995","-0.0004153819754719734","1590392463477","0.000763187198047039","0"
"unknown","0.000317650381475687","0.0005558873526751995","0.0001954827457666397","1590392463496","0.0006694221520149717","0"
"unknown","0.000317650381475687","0.0005558873526751995","0.0001954827457666397","1590392463517","0.0006694221520149717","0"
"unknown","-0.0009040801669470966","-0.0006658430211246014","0.0001954827457666397","1590392463547","0.0011397023211961496","0"
"unknown","0.000317650381475687","-0.0006658430211246014","0.0001954827457666397","1590392463577","0.0007631921104967284","0"
"unknown","-0.0002932148636318743","-0.00005497783422470093","-0.0004153819754719734","1590392463607","0.0005114095267568805","0"
"unknown","0.000317650381475687","0.0005558873526751995","0.0001954827457666397","1590392463637","0.0006694221520149717","0"
"unknown","0.000317650381475687","0.0005558873526751995","0.0001954827457666397","1590392463657","0.0006694221520149717","0"
"unknown","-0.0002932148636318743","0.0005558873526751995","0.0001954827457666397","1590392463687","0.00065817870598445","0"
"unknown","0.000317650381475687","0.0005558873526751995","-0.0004153819754719734","1590392463717","0.000763187198047039","0"
"unknown","0.00024434662191197276","0.0004581497050821781","-0.00038484111428260803","1590392463737","0.0006463041908799283","0"
"unknown","-0.0003665186231955886","0.0004581497050821781","-0.00038484111428260803","1590392463767","0.0007016692501872631","0"
"unknown","0.0014660770539194345","-0.00015271548181772232","-0.00038484111428260803","1590392463787","0.0015234193873186028","0"
"unknown","0.00024434662191197276","-0.00015271548181772232","0.0008368892595171928","1590392463816","0.00088510503485284","0"
"unknown","-0.0003665186231955886","-0.00015271548181772232","-0.0009957067668437958","1590392463846","0.0010719561022143277","0"
"unknown","0.00024434662191197276","0.0016798803117126226","-0.00038484111428260803","1590392463877","0.0017406337399239883","0"
"unknown","0.00024434662191197276","-0.00015271548181772232","0.0008368892595171928","1590392463907","0.00088510503485284","0"
"unknown","-0.0003665186231955886","-0.0007635806687176228","0.0008368892595171928","1590392463927","0.0011907035615482458","0"
"unknown","0.00024434662191197276","-0.0007635806687176228","0.0002260236069560051","1590392463957","0.0008329750177408968","0"
"unknown","0.00024434662191197276","-0.00015271548181772232","-0.00038484111428260803","1590392463987","0.0004807597874915195","0"
"unknown","0.00024434662191197276","0.0010690151248127222","0.0002260236069560051","1590392464017","0.0011196362264680236","0"
"unknown","0.00024434662191197276","0.0004581497050821781","0.0008368892595171928","1590392464037","0.0009848807321711165","0"
"unknown","-0.0003665186231955886","-0.001374445972032845","-0.00038484111428260803","1590392464057","0.0014736147103055063","0"
"unknown","0.00024434662191197276","0.0004581497050821781","0.0008368892595171928","1590392464087","0.0009848807321711165","0"
"unknown","0.00024434662191197276","-0.00015271548181772232","0.0002260236069560051","1590392464116","0.00036621573003902265","0"
"unknown","-0.0003665186231955886","-0.0007635806687176228","0.0002260236069560051","1590392464147","0.0008766287753033461","0"
"unknown","-0.0003665186231955886","-0.00015271548181772232","-0.00038484111428260803","1590392464166","0.000552956239478576","0"
"unknown","-0.0003665186231955886","0.0010690151248127222","0.0008368892595171928","1590392464196","0.0014062406874083772","0"
"unknown","0.00024434662191197276","-0.00015271548181772232","0.0002260236069560051","1590392464217","0.00036621573003902265","0"
"unknown","0.0014660770539194345","-0.0007635806687176228","0.0002260236069560051","1590392464236","0.0016683896536989623","0"
"unknown","-0.0003665186231955886","0.0010690151248127222","0.0002260236069560051","1590392464267","0.001152482498404619","0"
"unknown","-0.0003665186231955886","-0.0007635806687176228","-0.00038484111428260803","1590392464297","0.0009303193118659427","0"
"unknown","0.00024434662191197276","0.0004581497050821781","0.0002260236069560051","1590392464327","0.0005662977086374993","0"
"unknown","-0.0003665186231955886","0.0004581497050821781","0.0002260236069560051","1590392464346","0.0006287477429919564","0"
"unknown","0.00024434662191197276","-0.0007635806687176228","0.0002260236069560051","1590392464377","0.0008329750177408968","0"
"unknown","-0.0003665186231955886","0.0010690151248127222","-0.00038484111428260803","1590392464407","0.0011938307758932291","0"
"unknown","0.00024434662191197276","-0.00015271548181772232","-0.00038484111428260803","1590392464437","0.0004807597874915195","0"
"unknown","-0.0003665186231955886","-0.00015271548181772232","0.0008368892595171928","1590392464456","0.0009263053234388996","0"
"unknown","-0.0009773839265108109","-0.00015271548181772232","0.0002260236069560051","1590392464486","0.0010147354478335286","0"
"unknown","0.00024434662191197276","-0.0019853112753480673","0.0002260236069560051","1590392464507","0.0020130208152340017","0"
"unknown","0.00024434662191197276","-0.001374445972032845","0.0008368892595171928","1590392464537","0.001627633445949161","0"
"unknown","0.0014660770539194345","0.0004581497050821781","-0.00038484111428260803","1590392464567","0.0015834726911248753","0"
"unknown","-0.0003665186231955886","-0.00015271548181772232","0.0008368892595171928","1590392464596","0.0009263053234388996","0"
"unknown","0.00024434662191197276","-0.00015271548181772232","-0.00038484111428260803","1590392464627","0.0004807597874915195","0"
"unknown","0.00024434662191197276","-0.00015271548181772232","-0.00038484111428260803","1590392464657","0.0004807597874915195","0"
"unknown","-0.0003665186231955886","-0.00015271548181772232","-0.00038484111428260803","1590392464687","0.000552956239478576","0"
"unknown","0.00024434662191197276","-0.0007635806687176228","0.0002260236069560051","1590392464717","0.0008329750177408968","0"
"unknown","-0.0003665186231955886","-0.00015271548181772232","-0.00038484111428260803","1590392464747","0.000552956239478576","0"
"unknown","0.00024434650549665093","0.0005131268408149481","-0.00035429932177066803","1590392464777","0.0006697255997199968","0"
"unknown","-0.0003665187396109104","-0.00009773834608495235","0.0002565653994679451","1590392464796","0.00045794603938186705","0"
"unknown","0.0014660770539194345","0.0017348574474453926","0.0002565653994679451","1590392464827","0.002285812349076358","0"
"unknown","-0.0003665187396109104","-0.00009773834608495235","0.0002565653994679451","1590392464856","0.00045794603938186705","0"
"unknown","-0.0003665187396109104","-0.00009773834608495235","0.0002565653994679451","1590392464877","0.00045794603938186705","0"
"unknown","0.00024434650549665093","-0.00009773834608495235","0.0002565653994679451","1590392464907","0.0003675374855004494","0"
"unknown","0.00024434650549665093","0.0005131268408149481","0.0002565653994679451","1590392464927","0.0006235624858162173","0"
"unknown","0.00024434650549665093","-0.00009773834608495235","0.0002565653994679451","1590392464957","0.0003675374855004494","0"
"unknown","0.00024434650549665093","0.0005131268408149481","-0.00035429932177066803","1590392464986","0.0006697255997199968","0"
"unknown","0.00024434650549665093","0.0005131268408149481","-0.00035429932177066803","1590392465017","0.0006697255997199968","0"
"unknown","0.00024434650549665093","-0.00009773834608495235","-0.00035429932177066803","1590392465047","0.0004413456790895342","0"
"unknown","0.00024434650549665093","-0.00009773834608495235","0.0008674310520291328","1590392465067","0.0009064737332478062","0"
"unknown","0.00024434650549665093","0.0011239922605454922","-0.00035429932177066803","1590392465097","0.0012035746033884837","0"
"unknown","-0.0003665187396109104","0.0005131268408149481","0.0008674310520291328","1590392465127","0.001072413992483811","0"
"unknown","-0.0009773840429261327","0.0017348574474453926","0.001478295773267746","1590392465157","0.0024799936136177163","0"
"unknown","0.00024434650549665093","0.0005131268408149481","-0.00035429932177066803","1590392465187","0.0006697255997199968","0"
"unknown","0.00024434650549665093","-0.00009773834608495235","0.0002565653994679451","1590392465217","0.0003675374855004494","0"
"unknown","-0.0003665187396109104","-0.00009773834608495235","0.0002565653994679451","1590392465237","0.00045794603938186705","0"
"unknown","0.00024434650549665093","0.0005131268408149481","-0.00035429932177066803","1590392465257","0.0006697255997199968","0"
"unknown","-0.0021991143003106117","-0.0007086035329848528","-0.00035429932177066803","1590392465277","0.002337466723227606","0"
"unknown","-0.0003665187396109104","-0.00009773834608495235","0.0002565653994679451","1590392465307","0.00045794603938186705","0"
"unknown","-0.0015882492298260331","0.0005131268408149481","-0.00035429932177066803","1590392465337","0.0017062716021240204","0"
"unknown","-0.0003665187396109104","-0.0007086035329848528","0.0008674310520291328","1590392465366","0.0011785124451905266","0"
"unknown","-0.0003665187396109104","-0.00009773834608495235","0.0002565653994679451","1590392465396","0.00045794603938186705","0"
"unknown","-0.0003665187396109104","-0.00009773834608495235","-0.00035429932177066803","1590392465416","0.0005190537353574749","0"
"unknown","0.00024434650549665093","-0.0007086035329848528","0.0002565653994679451","1590392465437","0.0007922436404990491","0"
